path	status code	hunks	area	resolution	rule
.env.example	UU	2	root-and-ci	ours	root-ci-hand
.github/workflows/benchmark-harbor.yml	UU	1	root-and-ci	ours	root-ci-hand
.github/workflows/ci.yml	UU	8	root-and-ci	ours	root-ci-hand
.github/workflows/docker.yml	UU	2	root-and-ci	ours	root-ci-hand
.release/desktop-candidate.json	UU	1	root-and-ci	ours	root-ci-hand
AGENTS.md	UU	2	root-and-ci	ours	root-ci-hand
CHANGELOG.md	UU	2	root-and-ci	ours	root-ci-hand
Cargo.lock	UU	16	root-and-ci	theirs	cargo-lock-upstream
Cargo.toml	UU	2	root-and-ci	union	cargo-workspace-union
Justfile	UU	5	root-and-ci	ours	root-ci-hand
admin-web/src/App.tsx	UU	10	web	theirs	mobile-web-upstream
admin-web/src/api.ts	UU	8	web	theirs	mobile-web-upstream
admin-web/src/styles.css	UU	1	web	theirs	mobile-web-upstream
admin-web/tests/auth.spec.ts	AA	2	web	theirs	both-added-upstream
crates/buzz-acp/README.md	UU	1	buzz-acp	ours	core-hand
crates/buzz-acp/src/acp.rs	UU	3	buzz-acp	ours	core-hand
crates/buzz-acp/src/base_prompt.md	UU	2	buzz-acp	ours	core-hand
crates/buzz-acp/src/config.rs	UU	5	buzz-acp	ours	core-hand
crates/buzz-acp/src/lib.rs	UU	61	buzz-acp	ours	core-hand
crates/buzz-acp/src/pool.rs	UU	126	buzz-acp	ours	core-hand
crates/buzz-acp/src/prompt_framing.rs	AA	2	buzz-acp	theirs	both-added-upstream
crates/buzz-acp/src/prompt_project.rs	AA	5	buzz-acp	theirs	both-added-upstream
crates/buzz-acp/src/queue.rs	UU	51	buzz-acp	ours	core-hand
crates/buzz-acp/src/relay.rs	UU	15	buzz-acp	ours	core-hand
crates/buzz-acp/src/scope.rs	AA	5	buzz-acp	theirs	both-added-upstream
crates/buzz-acp/src/setup_mode.rs	UU	8	buzz-acp	ours	core-hand
crates/buzz-acp/src/usage.rs	UU	3	buzz-acp	ours	core-hand
crates/buzz-admin/Cargo.toml	UU	1	root-and-ci	ours	remaining-hand
crates/buzz-admin/src/main.rs	UU	2	root-and-ci	ours	remaining-hand
crates/buzz-agent/src/auth.rs	UU	3	root-and-ci	ours	remaining-hand
crates/buzz-agent/tests/fake_llm.rs	UU	8	root-and-ci	ours	remaining-hand
crates/buzz-audit/src/service.rs	UU	1	root-and-ci	ours	remaining-hand
crates/buzz-auth/src/nip98.rs	UU	1	root-and-ci	ours	remaining-hand
crates/buzz-cli/Cargo.toml	UU	1	root-and-ci	ours	remaining-hand
crates/buzz-cli/README.md	UU	1	root-and-ci	ours	remaining-hand
crates/buzz-cli/src/agent_management.rs	UU	1	root-and-ci	ours	remaining-hand
crates/buzz-cli/src/client.rs	UU	5	root-and-ci	ours	remaining-hand
crates/buzz-cli/src/commands/channels.rs	UU	3	root-and-ci	ours	remaining-hand
crates/buzz-cli/src/commands/issues.rs	UU	4	root-and-ci	ours	remaining-hand
crates/buzz-cli/src/commands/messages.rs	UU	3	root-and-ci	ours	remaining-hand
crates/buzz-cli/src/commands/mod.rs	UU	2	root-and-ci	ours	remaining-hand
crates/buzz-cli/src/commands/project_channel.rs	AA	2	root-and-ci	theirs	both-added-upstream
crates/buzz-cli/src/commands/projects.rs	UU	5	root-and-ci	ours	remaining-hand
crates/buzz-cli/src/commands/repos.rs	UU	2	root-and-ci	ours	remaining-hand
crates/buzz-cli/src/help_tree.rs	AA	1	root-and-ci	theirs	both-added-upstream
crates/buzz-cli/src/lib.rs	UU	9	root-and-ci	ours	remaining-hand
crates/buzz-cli/src/links.rs	UU	6	root-and-ci	ours	remaining-hand
crates/buzz-db/TESTING.md	AA	1	buzz-db-workflow-port	theirs	both-added-upstream
crates/buzz-db/src/admin_moderation.rs	UD	0	buzz-db-workflow-port	delete	upstream-deletion
crates/buzz-db/src/lib.rs	UU	1	buzz-db-workflow-port	theirs	buzz-db-upstream
crates/buzz-db/src/migration.rs	UD	0	migrations	ours	migration-schema-hand
crates/buzz-db/src/runtime/replica_fence.rs	UU	5	buzz-db-workflow-port	theirs	buzz-db-upstream
crates/buzz-db/src/store/api_token.rs	UU	1	buzz-db-workflow-port	theirs	buzz-db-upstream
crates/buzz-db/src/store/archived_identities.rs	UU	1	buzz-db-workflow-port	theirs	buzz-db-upstream
crates/buzz-db/src/store/channel_members.rs	UU	12	buzz-db-workflow-port	theirs	buzz-db-upstream
crates/buzz-db/src/store/event.rs	UU	4	buzz-db-workflow-port	theirs	buzz-db-upstream
crates/buzz-db/src/store/feed.rs	UU	3	buzz-db-workflow-port	theirs	buzz-db-upstream
crates/buzz-db/src/store/git_repo.rs	UU	1	buzz-db-workflow-port	theirs	buzz-db-upstream
crates/buzz-db/src/store/moderation.rs	UU	1	buzz-db-workflow-port	theirs	buzz-db-upstream
crates/buzz-db/src/store/push.rs	UU	2	buzz-db-workflow-port	theirs	buzz-db-upstream
crates/buzz-db/src/store/relay_invite.rs	UU	1	buzz-db-workflow-port	theirs	buzz-db-upstream
crates/buzz-db/src/store/relay_members.rs	UU	2	buzz-db-workflow-port	theirs	buzz-db-upstream
crates/buzz-db/src/store/thread.rs	UU	1	buzz-db-workflow-port	theirs	buzz-db-upstream
crates/buzz-db/src/store/usage.rs	UU	1	buzz-db-workflow-port	theirs	buzz-db-upstream
crates/buzz-db/src/store/user.rs	UU	1	buzz-db-workflow-port	theirs	buzz-db-upstream
crates/buzz-db/src/store/workflow.rs	UU	6	buzz-db-workflow-port	theirs	buzz-db-upstream
crates/buzz-media/src/storage.rs	UU	2	root-and-ci	ours	remaining-hand
crates/buzz-media/src/validation.rs	UU	2	root-and-ci	ours	remaining-hand
crates/buzz-push-gateway/Cargo.toml	UU	1	root-and-ci	ours	remaining-hand
crates/buzz-push-gateway/src/authority.rs	UU	13	root-and-ci	ours	remaining-hand
crates/buzz-push-gateway/src/config.rs	UU	5	root-and-ci	ours	remaining-hand
crates/buzz-push-gateway/src/http.rs	UU	7	root-and-ci	ours	remaining-hand
crates/buzz-push-gateway/src/main.rs	UU	1	root-and-ci	ours	remaining-hand
crates/buzz-push-gateway/src/postgres.rs	UU	8	root-and-ci	ours	remaining-hand
crates/buzz-relay/src/api/admin/auth.rs	UU	33	buzz-relay	theirs	relay-admin-upstream
crates/buzz-relay/src/api/admin/error.rs	UU	2	buzz-relay	theirs	relay-admin-upstream
crates/buzz-relay/src/api/admin/mod.rs	UU	27	buzz-relay	theirs	relay-admin-upstream
crates/buzz-relay/src/api/bridge.rs	UU	11	buzz-relay	ours	remaining-hand
crates/buzz-relay/src/api/git/mod.rs	UU	1	buzz-relay	ours	remaining-hand
crates/buzz-relay/src/api/git/policy.rs	UU	1	buzz-relay	ours	remaining-hand
crates/buzz-relay/src/api/git/transport.rs	UU	8	buzz-relay	ours	remaining-hand
crates/buzz-relay/src/api/media.rs	UU	2	buzz-relay	ours	remaining-hand
crates/buzz-relay/src/api/mod.rs	UU	1	buzz-relay	ours	remaining-hand
crates/buzz-relay/src/api/operator.rs	UU	3	buzz-relay	ours	remaining-hand
crates/buzz-relay/src/audio/handler.rs	UU	9	buzz-relay	ours	remaining-hand
crates/buzz-relay/src/audio/join.rs	UU	2	buzz-relay	ours	remaining-hand
crates/buzz-relay/src/config.rs	UU	17	buzz-relay	ours	core-hand
crates/buzz-relay/src/connection.rs	UU	2	buzz-relay	ours	remaining-hand
crates/buzz-relay/src/handlers/auth.rs	UU	1	buzz-relay	ours	remaining-hand
crates/buzz-relay/src/handlers/command_executor.rs	UU	8	buzz-relay	ours	remaining-hand
crates/buzz-relay/src/handlers/event.rs	UU	2	buzz-relay	ours	remaining-hand
crates/buzz-relay/src/handlers/identity_archive.rs	UU	1	buzz-relay	ours	remaining-hand
crates/buzz-relay/src/handlers/ingest.rs	UU	8	buzz-relay	ours	remaining-hand
crates/buzz-relay/src/handlers/push_lease.rs	UU	1	buzz-relay	ours	remaining-hand
crates/buzz-relay/src/handlers/req.rs	UU	4	buzz-relay	ours	remaining-hand
crates/buzz-relay/src/handlers/side_effects.rs	UU	10	buzz-relay	ours	remaining-hand
crates/buzz-relay/src/main.rs	UU	6	buzz-relay	ours	remaining-hand
crates/buzz-relay/src/nip11.rs	UU	19	buzz-relay	ours	core-hand
crates/buzz-relay/src/push_runtime.rs	UU	2	buzz-relay	ours	remaining-hand
crates/buzz-relay/src/router.rs	UU	2	buzz-relay	ours	remaining-hand
crates/buzz-relay/src/subscription.rs	UU	2	buzz-relay	ours	remaining-hand
crates/buzz-relay/src/workflow_sink.rs	UU	10	buzz-relay	ours	remaining-hand
crates/buzz-sdk/src/nip_oa.rs	UU	1	root-and-ci	ours	remaining-hand
crates/buzz-test-client/tests/e2e_relay.rs	UU	1	root-and-ci	ours	remaining-hand
crates/buzz-workflow/src/action_sink.rs	UU	1	buzz-workflow	ours	core-hand
crates/buzz-workflow/src/executor.rs	UU	4	buzz-workflow	ours	core-hand
crates/buzz-workflow/src/lib.rs	UU	2	buzz-workflow	ours	core-hand
crates/buzz-workflow/src/schema.rs	UU	1	buzz-workflow	ours	core-hand
deploy/charts/buzz-push-gateway/Chart.yaml	UU	1	root-and-ci	ours	root-ci-hand
deploy/charts/buzz-push-gateway/tests/render.sh	UU	7	root-and-ci	ours	root-ci-hand
deploy/charts/buzz-push-gateway/values-production.yaml	UU	2	root-and-ci	ours	root-ci-hand
deploy/charts/buzz-push-gateway/values.yaml	UU	1	root-and-ci	ours	root-ci-hand
desktop/package.json	UU	1	desktop-other	theirs	other-small-upstream
desktop/playwright.config.ts	UU	4	desktop-other	theirs	other-small-upstream
desktop/src-tauri/Cargo.lock	UU	4	desktop-other	theirs	desktop-small-upstream
desktop/src-tauri/Cargo.toml	UU	1	desktop-other	theirs	desktop-small-upstream
desktop/src-tauri/src/app_state.rs	UU	2	desktop-other	theirs	desktop-small-upstream
desktop/src-tauri/src/commands/agent_config_tests.rs	UU	2	desktop-other	theirs	desktop-small-upstream
desktop/src-tauri/src/commands/agent_discovery.rs	UU	2	desktop-other	theirs	desktop-small-upstream
desktop/src-tauri/src/commands/agent_discovery/relay_directory.rs	AA	8	desktop-other	theirs	both-added-upstream
desktop/src-tauri/src/commands/agent_discovery/relay_directory/owned_tests.rs	AA	8	desktop-other	theirs	both-added-upstream
desktop/src-tauri/src/commands/agent_models.rs	UU	2	desktop-other	theirs	desktop-small-upstream
desktop/src-tauri/src/commands/agent_models_tests.rs	UU	1	desktop-other	theirs	desktop-small-upstream
desktop/src-tauri/src/commands/agents.rs	UU	13	desktop-other	ours	remaining-hand
desktop/src-tauri/src/commands/agents/provider_access.rs	UU	1	desktop-other	theirs	desktop-small-upstream
desktop/src-tauri/src/commands/agents/provider_deploy.rs	AA	5	desktop-other	theirs	both-added-upstream
desktop/src-tauri/src/commands/agents_deploy.rs	UU	2	desktop-other	theirs	desktop-small-upstream
desktop/src-tauri/src/commands/agents_profile.rs	UU	2	desktop-other	theirs	desktop-small-upstream
desktop/src-tauri/src/commands/agents_tests.rs	UU	1	desktop-other	theirs	desktop-small-upstream
desktop/src-tauri/src/commands/channels.rs	UU	5	desktop-other	theirs	desktop-small-upstream
desktop/src-tauri/src/commands/media.rs	UU	2	desktop-other	theirs	desktop-small-upstream
desktop/src-tauri/src/commands/media_download.rs	UU	3	desktop-other	theirs	desktop-small-upstream
desktop/src-tauri/src/commands/media_fetch_cancellation.rs	AA	8	desktop-other	theirs	both-added-upstream
desktop/src-tauri/src/commands/media_upload_progress.rs	UU	1	desktop-other	theirs	desktop-small-upstream
desktop/src-tauri/src/commands/messages.rs	UU	9	desktop-other	ours	remaining-hand
desktop/src-tauri/src/commands/messages/event_batch.rs	AA	2	desktop-other	theirs	both-added-upstream
desktop/src-tauri/src/commands/messages/thread_ref.rs	AA	4	desktop-other	theirs	both-added-upstream
desktop/src-tauri/src/commands/messages_tests.rs	UU	1	desktop-other	theirs	desktop-small-upstream
desktop/src-tauri/src/commands/mod.rs	UU	3	desktop-other	theirs	desktop-small-upstream
desktop/src-tauri/src/commands/personas/create.rs	UU	1	desktop-other	theirs	desktop-small-upstream
desktop/src-tauri/src/commands/personas/delete_cascade_tests.rs	UU	1	desktop-other	theirs	desktop-small-upstream
desktop/src-tauri/src/commands/personas/inbound.rs	UU	12	desktop-other	ours	remaining-hand
desktop/src-tauri/src/commands/personas/inbound/catalog_reconcile_tests.rs	AA	5	desktop-other	theirs	both-added-upstream
desktop/src-tauri/src/commands/personas/inbound/inbound_tests.rs	UU	3	desktop-other	theirs	desktop-small-upstream
desktop/src-tauri/src/commands/personas/mod.rs	UU	1	desktop-other	theirs	desktop-small-upstream
desktop/src-tauri/src/commands/personas/pending.rs	UU	3	desktop-other	theirs	desktop-small-upstream
desktop/src-tauri/src/commands/personas/snapshot/fidelity_tests.rs	UU	1	desktop-other	theirs	desktop-small-upstream
desktop/src-tauri/src/commands/personas/snapshot/import.rs	UU	3	desktop-other	theirs	desktop-small-upstream
desktop/src-tauri/src/commands/personas/snapshot/tests.rs	UU	2	desktop-other	theirs	desktop-small-upstream
desktop/src-tauri/src/commands/personas/snapshot/tests_locked.rs	UU	1	desktop-other	theirs	desktop-small-upstream
desktop/src-tauri/src/commands/personas/update.rs	UU	1	desktop-other	theirs	desktop-small-upstream
desktop/src-tauri/src/commands/personas/update/name_propagation_tests.rs	UU	1	desktop-other	theirs	desktop-small-upstream
desktop/src-tauri/src/commands/project_git.rs	UU	3	desktop-other	theirs	desktop-small-upstream
desktop/src-tauri/src/commands/project_git_recipient_notes.rs	AA	4	desktop-other	theirs	both-added-upstream
desktop/src-tauri/src/commands/project_git_tests.rs	AA	2	desktop-other	theirs	both-added-upstream
desktop/src-tauri/src/commands/project_git_workflow.rs	UU	1	desktop-other	theirs	desktop-small-upstream
desktop/src-tauri/src/commands/project_repo_paths.rs	UU	1	desktop-other	theirs	desktop-small-upstream
desktop/src-tauri/src/commands/team_snapshot/tests.rs	UU	1	desktop-other	theirs	desktop-small-upstream
desktop/src-tauri/src/commands/teams/adopt/apply.rs	AA	3	desktop-other	theirs	both-added-upstream
desktop/src-tauri/src/commands/teams/adopt/tests.rs	AA	2	desktop-other	theirs	both-added-upstream
desktop/src-tauri/src/commands/teams/mod.rs	AA	6	desktop-other	theirs	both-added-upstream
desktop/src-tauri/src/commands/teams/pending/tests.rs	AA	1	desktop-other	theirs	both-added-upstream
desktop/src-tauri/src/commands/teams/sharing/tests.rs	AA	1	desktop-other	theirs	both-added-upstream
desktop/src-tauri/src/commands/workflows.rs	UU	9	desktop-other	ours	remaining-hand
desktop/src-tauri/src/commands/workflows_tests.rs	UU	3	desktop-other	theirs	desktop-small-upstream
desktop/src-tauri/src/commands/workspace.rs	UU	1	desktop-other	theirs	desktop-small-upstream
desktop/src-tauri/src/deep_link.rs	UU	8	desktop-other	ours	remaining-hand
desktop/src-tauri/src/deep_link_tests.rs	AA	5	desktop-other	theirs	both-added-upstream
desktop/src-tauri/src/event_sync.rs	UU	4	desktop-other	theirs	desktop-small-upstream
desktop/src-tauri/src/event_sync_team_catalog_tests.rs	AA	7	desktop-other	theirs	both-added-upstream
desktop/src-tauri/src/events.rs	UU	2	desktop-other	theirs	desktop-small-upstream
desktop/src-tauri/src/huddle/agent_tts_publisher.rs	AA	6	desktop-other	theirs	both-added-upstream
desktop/src-tauri/src/huddle/mod.rs	UU	7	desktop-other	ours	remaining-hand
desktop/src-tauri/src/huddle/playout.rs	UU	1	desktop-other	theirs	desktop-small-upstream
desktop/src-tauri/src/huddle/tts.rs	UU	4	desktop-other	theirs	desktop-small-upstream
desktop/src-tauri/src/huddle/tts_broadcast.rs	AA	3	desktop-other	theirs	both-added-upstream
desktop/src-tauri/src/huddle/tts_pipeline_controls.rs	UU	1	desktop-other	theirs	desktop-small-upstream
desktop/src-tauri/src/huddle/tts_tests.rs	UU	2	desktop-other	theirs	desktop-small-upstream
desktop/src-tauri/src/key_backup_tests.rs	UU	1	desktop-other	theirs	desktop-small-upstream
desktop/src-tauri/src/lib.rs	UU	6	desktop-other	ours	remaining-hand
desktop/src-tauri/src/managed_agents/agent_events.rs	UU	1	desktop-other	theirs	desktop-small-upstream
desktop/src-tauri/src/managed_agents/agent_snapshot_envelope.rs	UU	1	desktop-other	theirs	desktop-small-upstream
desktop/src-tauri/src/managed_agents/agent_snapshot_tests.rs	UU	1	desktop-other	theirs	desktop-small-upstream
desktop/src-tauri/src/managed_agents/config_bridge/effort.rs	AA	4	desktop-other	theirs	both-added-upstream
desktop/src-tauri/src/managed_agents/config_bridge/effort_cmd_tests.rs	AA	1	desktop-other	theirs	both-added-upstream
desktop/src-tauri/src/managed_agents/config_bridge/effort_tests.rs	AA	6	desktop-other	theirs	both-added-upstream
desktop/src-tauri/src/managed_agents/config_bridge/reader.rs	UU	4	desktop-other	theirs	desktop-small-upstream
desktop/src-tauri/src/managed_agents/config_bridge/reader_tests.rs	UU	2	desktop-other	theirs	desktop-small-upstream
desktop/src-tauri/src/managed_agents/definition_validation.rs	AA	3	desktop-other	theirs	both-added-upstream
desktop/src-tauri/src/managed_agents/discovery.rs	UU	4	desktop-other	theirs	desktop-small-upstream
desktop/src-tauri/src/managed_agents/discovery/catalog.rs	AA	5	desktop-other	theirs	both-added-upstream
desktop/src-tauri/src/managed_agents/discovery/presets.rs	UU	6	desktop-other	ours	remaining-hand
desktop/src-tauri/src/managed_agents/discovery/tests.rs	UU	1	desktop-other	theirs	desktop-small-upstream
desktop/src-tauri/src/managed_agents/effective_config/tests.rs	UU	1	desktop-other	theirs	desktop-small-upstream
desktop/src-tauri/src/managed_agents/global_config/tests.rs	UU	1	desktop-other	theirs	desktop-small-upstream
desktop/src-tauri/src/managed_agents/mod.rs	UU	3	desktop-other	theirs	desktop-small-upstream
desktop/src-tauri/src/managed_agents/nest.rs	UU	2	desktop-other	theirs	desktop-small-upstream
desktop/src-tauri/src/managed_agents/nest/tests.rs	UU	1	desktop-other	theirs	desktop-small-upstream
desktop/src-tauri/src/managed_agents/parallelism.rs	UU	1	desktop-other	theirs	desktop-small-upstream
desktop/src-tauri/src/managed_agents/persona_events.rs	UU	1	desktop-other	theirs	desktop-small-upstream
desktop/src-tauri/src/managed_agents/persona_events/tests.rs	UU	1	desktop-other	theirs	desktop-small-upstream
desktop/src-tauri/src/managed_agents/readiness.rs	UU	3	desktop-other	theirs	desktop-small-upstream
desktop/src-tauri/src/managed_agents/reserved_env_keys.rs	UU	1	desktop-other	theirs	desktop-small-upstream
desktop/src-tauri/src/managed_agents/runtime.rs	UU	6	desktop-other	ours	remaining-hand
desktop/src-tauri/src/managed_agents/runtime/metadata.rs	UU	1	desktop-other	theirs	desktop-small-upstream
desktop/src-tauri/src/managed_agents/runtime/stop.rs	UU	1	desktop-other	theirs	desktop-small-upstream
desktop/src-tauri/src/managed_agents/runtime/test_fixtures.rs	UU	1	desktop-other	theirs	desktop-small-upstream
desktop/src-tauri/src/managed_agents/runtime/tests.rs	UU	2	desktop-other	theirs	desktop-small-upstream
desktop/src-tauri/src/managed_agents/session_policy.rs	AA	11	desktop-other	theirs	both-added-upstream
desktop/src-tauri/src/managed_agents/spawn_snapshot.rs	UU	6	desktop-other	ours	remaining-hand
desktop/src-tauri/src/managed_agents/spawn_snapshot/diff/tests.rs	UU	1	desktop-other	theirs	desktop-small-upstream
desktop/src-tauri/src/managed_agents/spawn_snapshot/tests.rs	UU	3	desktop-other	theirs	desktop-small-upstream
desktop/src-tauri/src/managed_agents/storage.rs	UU	1	desktop-other	theirs	desktop-small-upstream
desktop/src-tauri/src/managed_agents/team_catalog.rs	AA	3	desktop-other	theirs	both-added-upstream
desktop/src-tauri/src/managed_agents/team_catalog/tests.rs	AA	1	desktop-other	theirs	both-added-upstream
desktop/src-tauri/src/managed_agents/team_catalog/tests/reuse_hint.rs	AA	1	desktop-other	theirs	both-added-upstream
desktop/src-tauri/src/managed_agents/team_snapshot.rs	UU	1	desktop-other	theirs	desktop-small-upstream
desktop/src-tauri/src/managed_agents/teams_tests.rs	UU	3	desktop-other	theirs	desktop-small-upstream
desktop/src-tauri/src/managed_agents/types.rs	UU	3	desktop-other	theirs	desktop-small-upstream
desktop/src-tauri/src/managed_agents/types/tests.rs	UU	1	desktop-other	theirs	desktop-small-upstream
desktop/src-tauri/src/migration/backfill_tests.rs	UU	4	desktop-other	theirs	desktop-small-upstream
desktop/src-tauri/src/nostr_convert.rs	UU	1	desktop-other	theirs	desktop-small-upstream
desktop/src-tauri/src/nostr_convert/agent_directory.rs	AA	6	desktop-other	theirs	both-added-upstream
desktop/src-tauri/src/nostr_convert/tests.rs	AA	7	desktop-other	theirs	both-added-upstream
desktop/src-tauri/src/relay.rs	UU	4	desktop-other	theirs	desktop-small-upstream
desktop/src-tauri/src/relay/submit.rs	UU	1	desktop-other	theirs	desktop-small-upstream
desktop/src-tauri/src/team_catalog.rs	AA	4	desktop-other	theirs	both-added-upstream
desktop/src-tauri/tauri.conf.json	UU	1	desktop-other	theirs	desktop-small-upstream
desktop/src/app/App.tsx	UU	4	desktop-other	theirs	desktop-small-upstream
desktop/src/app/AppShell.tsx	UU	4	desktop-other	theirs	desktop-small-upstream
desktop/src/app/navigation/searchHitNavigation.test.mjs	AA	2	desktop-other	theirs	both-added-upstream
desktop/src/app/navigation/useAppNavigation.ts	UU	5	desktop-other	theirs	desktop-small-upstream
desktop/src/app/routes/ChannelRouteScreen.tsx	UU	1	desktop-other	theirs	desktop-small-upstream
desktop/src/app/routes/WorkflowsRouteScreen.tsx	UU	2	desktop-other	theirs	desktop-small-upstream
desktop/src/app/routes/projects.$projectId.tsx	UU	3	desktop-other	theirs	desktop-small-upstream
desktop/src/app/useAppShellKeyboardShortcuts.ts	AA	4	desktop-other	theirs	both-added-upstream
desktop/src/app/useWebviewZoomShortcuts.ts	UU	1	desktop-other	theirs	desktop-small-upstream
desktop/src/features/agents/activeAgentTurnsStore.test.mjs	UU	3	desktop-agents	ours	desktop-feature-hand
desktop/src/features/agents/activeAgentTurnsStore.ts	UU	2	desktop-agents	ours	desktop-feature-hand
desktop/src/features/agents/channelAgents.ts	UU	3	desktop-agents	ours	desktop-feature-hand
desktop/src/features/agents/hooks.ts	UU	6	desktop-agents	ours	desktop-feature-hand
desktop/src/features/agents/lib/agentAutocompleteEligibility.test.mjs	UU	2	desktop-agents	ours	desktop-feature-hand
desktop/src/features/agents/lib/agentAutocompleteEligibility.ts	UU	2	desktop-agents	ours	desktop-feature-hand
desktop/src/features/agents/lib/managedAgentControlActions.ts	UU	1	desktop-agents	ours	desktop-feature-hand
desktop/src/features/agents/lib/otherSetupAgent.ts	AA	1	desktop-agents	theirs	both-added-upstream
desktop/src/features/agents/lib/teamCatalogRelay.ts	AA	4	desktop-agents	theirs	both-added-upstream
desktop/src/features/agents/lib/usePersonaCatalogRelay.ts	UU	2	desktop-agents	ours	desktop-feature-hand
desktop/src/features/agents/lib/usePersonaSync.test.mjs	UU	1	desktop-agents	ours	desktop-feature-hand
desktop/src/features/agents/lib/usePersonaSync.ts	UU	9	desktop-agents	ours	desktop-feature-hand
desktop/src/features/agents/lib/useTeamCatalogRelay.ts	AA	4	desktop-agents	theirs	both-added-upstream
desktop/src/features/agents/observerRelayStore.ts	UU	10	desktop-agents	ours	desktop-feature-hand
desktop/src/features/agents/ui/AgentDefinitionDialog.tsx	UU	1	desktop-agents	ours	desktop-feature-hand
desktop/src/features/agents/ui/AgentDefinitionDialogFooter.tsx	UU	2	desktop-agents	ours	desktop-feature-hand
desktop/src/features/agents/ui/AgentsView.tsx	UU	1	desktop-agents	ours	desktop-feature-hand
desktop/src/features/agents/ui/CommunityCatalogDialog.tsx	AA	10	desktop-agents	theirs	both-added-upstream
desktop/src/features/agents/ui/CommunityCatalogDialogAvatarLeak.test.mjs	AA	1	desktop-agents	theirs	both-added-upstream
desktop/src/features/agents/ui/EffortPickerField.tsx	AA	2	desktop-agents	theirs	both-added-upstream
desktop/src/features/agents/ui/ManagedAgentRow.tsx	DU	0	desktop-agents	theirs	upstream-delete-rename
desktop/src/features/agents/ui/ModelPicker.tsx	DU	0	desktop-agents	theirs	upstream-delete-rename
desktop/src/features/agents/ui/OtherSetupAgentMarker.tsx	AA	2	desktop-agents	theirs	both-added-upstream
desktop/src/features/agents/ui/agentSessionTranscript.ts	UU	1	desktop-agents	ours	desktop-feature-hand
desktop/src/features/agents/ui/agentSessionTranscriptHelpers.test.mjs	UU	1	desktop-agents	ours	desktop-feature-hand
desktop/src/features/agents/ui/catalogOwnerLabel.test.mjs	UU	2	desktop-agents	ours	desktop-feature-hand
desktop/src/features/agents/ui/effortPicker.ts	AA	4	desktop-agents	theirs	both-added-upstream
desktop/src/features/agents/ui/useManagedAgentActions.ts	UU	1	desktop-agents	ours	desktop-feature-hand
desktop/src/features/agents/useAgentManagement.ts	UU	1	desktop-agents	ours	desktop-feature-hand
desktop/src/features/channel-templates/hooks.ts	UU	2	desktop-other	theirs	desktop-small-upstream
desktop/src/features/channels/hooks.ts	UU	4	desktop-other	theirs	desktop-small-upstream
desktop/src/features/channels/readState/readStateManager.test.mjs	UU	2	desktop-other	theirs	desktop-small-upstream
desktop/src/features/channels/readState/readStateManager.ts	UU	7	desktop-other	ours	remaining-hand
desktop/src/features/channels/ui/AgentSessionThreadPanel.tsx	UU	1	desktop-other	theirs	desktop-small-upstream
desktop/src/features/channels/ui/ChannelManagementSheet.tsx	UU	9	desktop-other	ours	remaining-hand
desktop/src/features/channels/ui/ChannelMemberInviteCard.tsx	DU	0	desktop-other	theirs	upstream-delete-rename
desktop/src/features/channels/ui/ChannelPane.tsx	UU	6	desktop-other	ours	remaining-hand
desktop/src/features/channels/ui/ChannelPane.types.ts	UU	2	desktop-other	theirs	desktop-small-upstream
desktop/src/features/channels/ui/ChannelScreen.tsx	UU	7	desktop-other	ours	remaining-hand
desktop/src/features/channels/ui/ChannelWorkflowsSection.tsx	AA	1	desktop-other	theirs	both-added-upstream
desktop/src/features/channels/ui/MembersSidebar.tsx	UU	1	desktop-other	theirs	desktop-small-upstream
desktop/src/features/channels/ui/unknownRelayAgentStatus.test.mjs	AA	2	desktop-other	theirs	both-added-upstream
desktop/src/features/channels/ui/useChannelAgentSessions.ts	UU	2	desktop-other	theirs	desktop-small-upstream
desktop/src/features/channels/useChannelPaneHandlers.ts	UU	4	desktop-other	theirs	desktop-small-upstream
desktop/src/features/channels/useUnreadChannels.ts	UU	4	desktop-other	theirs	desktop-small-upstream
desktop/src/features/communities/useCommunities.tsx	UU	2	desktop-other	theirs	desktop-small-upstream
desktop/src/features/communities/useCommunityInit.ts	UU	4	desktop-other	theirs	desktop-small-upstream
desktop/src/features/community-members/ui/CommunityMembersCard.tsx	DU	0	desktop-other	theirs	upstream-delete-rename
desktop/src/features/community-members/ui/ConfirmRemoveDialog.tsx	DU	0	desktop-other	theirs	upstream-delete-rename
desktop/src/features/custom-emoji/hooks.ts	UU	2	desktop-other	theirs	desktop-small-upstream
desktop/src/features/forum/hooks.ts	UU	4	desktop-other	theirs	desktop-small-upstream
desktop/src/features/forum/ui/ForumComposer.lifecycle.test.mjs	AA	1	desktop-other	theirs	both-added-upstream
desktop/src/features/forum/ui/ForumComposer.tsx	UU	2	desktop-other	theirs	desktop-small-upstream
desktop/src/features/forum/ui/useForumMentionPreparation.ts	AA	2	desktop-other	theirs	both-added-upstream
desktop/src/features/home/focusRefetchPolicy.test.mjs	AA	8	desktop-other	theirs	both-added-upstream
desktop/src/features/home/hooks.ts	UU	3	desktop-other	theirs	desktop-small-upstream
desktop/src/features/home/ui/FeedSection.tsx	DU	0	desktop-other	theirs	upstream-delete-rename
desktop/src/features/home/ui/HomeView.tsx	UU	2	desktop-other	theirs	desktop-small-upstream
desktop/src/features/home/ui/InboxDetailPane.tsx	UU	2	desktop-other	theirs	desktop-small-upstream
desktop/src/features/home/ui/RecentNotesSection.tsx	DU	0	desktop-other	theirs	upstream-delete-rename
desktop/src/features/huddle/HuddleContext.tsx	UU	5	desktop-other	theirs	desktop-small-upstream
desktop/src/features/huddle/components/HuddleBar.tsx	UU	1	desktop-other	theirs	desktop-small-upstream
desktop/src/features/huddle/components/HuddleIndicator.tsx	UU	2	desktop-other	theirs	desktop-small-upstream
desktop/src/features/huddle/components/HuddleRoomHeader.tsx	UU	1	desktop-other	theirs	desktop-small-upstream
desktop/src/features/local-archive/archiveSyncManager.test.mjs	UD	0	desktop-other	ours	archive-delete-hand
desktop/src/features/local-archive/archiveSyncManager.ts	UD	0	desktop-other	ours	archive-delete-hand
desktop/src/features/messages/hooks.ts	UU	8	desktop-other	ours	desktop-feature-hand
desktop/src/features/messages/lib/audioAttachment.ts	AA	2	desktop-other	theirs	both-added-upstream
desktop/src/features/messages/lib/audioMediaLoadScheduler.test.mjs	AA	2	desktop-other	theirs	both-added-upstream
desktop/src/features/messages/lib/audioMediaLoadScheduler.ts	AA	3	desktop-other	theirs	both-added-upstream
desktop/src/features/messages/lib/autoPinMentionedAgentsPreference.ts	AA	1	desktop-other	theirs	both-added-upstream
desktop/src/features/messages/lib/buildMentionCandidates.test.mjs	AA	3	desktop-other	theirs	both-added-upstream
desktop/src/features/messages/lib/buildMentionCandidates.ts	AA	14	desktop-other	theirs	both-added-upstream
desktop/src/features/messages/lib/detachedToastScope.ts	AA	2	desktop-other	theirs	both-added-upstream
desktop/src/features/messages/lib/extractMentionPubkeys.ts	AA	3	desktop-other	theirs	both-added-upstream
desktop/src/features/messages/lib/linkPreviewPreparationStore.ts	AA	2	desktop-other	theirs	both-added-upstream
desktop/src/features/messages/lib/mentionCandidates.ts	UU	1	desktop-other	theirs	desktop-small-upstream
desktop/src/features/messages/lib/mentionClipboard.test.mjs	AA	1	desktop-other	theirs	both-added-upstream
desktop/src/features/messages/lib/mentionClipboard.ts	AA	2	desktop-other	theirs	both-added-upstream
desktop/src/features/messages/lib/mentionHighlightExtension.test.mjs	UU	1	desktop-other	theirs	desktop-small-upstream
desktop/src/features/messages/lib/mentionHighlightExtension.ts	UU	1	desktop-other	theirs	desktop-small-upstream
desktop/src/features/messages/lib/mentionPasteBinding.ts	AA	2	desktop-other	theirs	both-added-upstream
desktop/src/features/messages/lib/mentionTokenSpans.ts	AA	1	desktop-other	theirs	both-added-upstream
desktop/src/features/messages/lib/messageSnapshot.test.mjs	UD	0	desktop-other	delete	upstream-deletion
desktop/src/features/messages/lib/messageSnapshot.ts	UD	0	desktop-other	delete	upstream-deletion
desktop/src/features/messages/lib/normalizeMentionClipboard.test.mjs	UU	2	desktop-other	theirs	desktop-small-upstream
desktop/src/features/messages/lib/pastedMentionOccurrences.ts	AA	2	desktop-other	theirs	both-added-upstream
desktop/src/features/messages/lib/projectChannelWindow.test.mjs	UU	1	desktop-other	theirs	desktop-small-upstream
desktop/src/features/messages/lib/projectChannelWindow.ts	UU	1	desktop-other	theirs	desktop-small-upstream
desktop/src/features/messages/lib/sendToChannelSemantics.ts	AA	1	desktop-other	theirs	both-added-upstream
desktop/src/features/messages/lib/timelineMentionCopy.test.mjs	AA	1	desktop-other	theirs	both-added-upstream
desktop/src/features/messages/lib/useChannelLinks.test.mjs	AA	1	desktop-other	theirs	both-added-upstream
desktop/src/features/messages/lib/useDrafts.ts	UU	1	desktop-other	theirs	desktop-small-upstream
desktop/src/features/messages/lib/useFilePicker.ts	AA	2	desktop-other	theirs	both-added-upstream
desktop/src/features/messages/lib/useMediaUpload.ts	UU	3	desktop-other	theirs	desktop-small-upstream
desktop/src/features/messages/lib/useMentions.ts	UU	10	desktop-other	ours	remaining-hand
desktop/src/features/messages/lib/useRichTextEditor.ts	UU	2	desktop-other	theirs	desktop-small-upstream
desktop/src/features/messages/lib/useVoiceNoteRecorder.ts	AA	1	desktop-other	theirs	both-added-upstream
desktop/src/features/messages/lib/videoReviewContext.ts	UU	2	desktop-other	theirs	desktop-small-upstream
desktop/src/features/messages/ui/AudioMessageAttachment.tsx	AA	4	desktop-other	theirs	both-added-upstream
desktop/src/features/messages/ui/ComposerAddressControls.tsx	AA	3	desktop-other	theirs	both-added-upstream
desktop/src/features/messages/ui/MentionAutocomplete.tsx	UU	3	desktop-other	theirs	desktop-small-upstream
desktop/src/features/messages/ui/MessageAgentAddressPrefix.tsx	AA	4	desktop-other	theirs	both-added-upstream
desktop/src/features/messages/ui/MessageComposer.tsx	UU	9	desktop-other	ours	remaining-hand
desktop/src/features/messages/ui/MessageComposer.types.ts	UU	2	desktop-other	theirs	desktop-small-upstream
desktop/src/features/messages/ui/MessageComposerAutocompletes.tsx	AA	2	desktop-other	theirs	both-added-upstream
desktop/src/features/messages/ui/MessageComposerToolbar.tsx	UU	2	desktop-other	theirs	desktop-small-upstream
desktop/src/features/messages/ui/MessageThreadPanel.tsx	UU	4	desktop-other	theirs	desktop-small-upstream
desktop/src/features/messages/ui/MessageTimeline.tsx	UU	1	desktop-other	theirs	desktop-small-upstream
desktop/src/features/messages/ui/submitMessageEdit.test.mjs	AA	1	desktop-other	theirs	both-added-upstream
desktop/src/features/messages/ui/submitMessageEdit.ts	UU	9	desktop-other	ours	remaining-hand
desktop/src/features/messages/ui/useAgentAddressLockPicker.ts	AA	4	desktop-other	theirs	both-added-upstream
desktop/src/features/messages/ui/useComposerAttachmentSpoilers.ts	AA	3	desktop-other	theirs	both-added-upstream
desktop/src/features/messages/ui/useComposerVoiceNote.tsx	AA	4	desktop-other	theirs	both-added-upstream
desktop/src/features/messages/ui/useDetachedAgentStart.ts	AA	2	desktop-other	theirs	both-added-upstream
desktop/src/features/messages/ui/useEnsureAgentMentionsReady.ts	AA	2	desktop-other	theirs	both-added-upstream
desktop/src/features/messages/ui/useMentionSendFlow.helpers.ts	UU	2	desktop-other	theirs	desktop-small-upstream
desktop/src/features/messages/ui/useMentionSendFlow.test-support.mjs	AA	4	desktop-other	theirs	both-added-upstream
desktop/src/features/messages/ui/useMentionSendFlow.ts	UU	10	desktop-other	ours	remaining-hand
desktop/src/features/messages/ui/useMentionSendFlow.types.ts	AA	2	desktop-other	theirs	both-added-upstream
desktop/src/features/messages/ui/useTimelineRetention.ts	UU	1	desktop-other	theirs	desktop-small-upstream
desktop/src/features/messages/useThreadReplies.test.mjs	UU	1	desktop-other	theirs	desktop-small-upstream
desktop/src/features/messages/useThreadReplies.ts	UU	2	desktop-other	theirs	desktop-small-upstream
desktop/src/features/notifications/hooks.ts	UU	1	desktop-other	theirs	desktop-small-upstream
desktop/src/features/onboarding/ui/CommunityOnboardingFlow.tsx	UU	4	desktop-other	theirs	desktop-small-upstream
desktop/src/features/onboarding/ui/RuntimeIcon.tsx	UU	1	desktop-other	theirs	desktop-small-upstream
desktop/src/features/onboarding/ui/WelcomeKickoffStage.tsx	UU	1	desktop-other	theirs	desktop-small-upstream
desktop/src/features/presence/hooks.ts	UU	3	desktop-other	theirs	desktop-small-upstream
desktop/src/features/profile/hooks.ts	UU	3	desktop-other	theirs	desktop-small-upstream
desktop/src/features/profile/lib/profileActivityFeedScope.test.mjs	AA	2	desktop-other	theirs	both-added-upstream
desktop/src/features/profile/ui/UserProfilePanelSections.tsx	UU	5	desktop-other	theirs	desktop-small-upstream
desktop/src/features/profile/ui/UserProfilePopover.tsx	UU	1	desktop-other	theirs	desktop-small-upstream
desktop/src/features/profile/ui/UserProfilePrimaryActions.tsx	UU	1	desktop-other	theirs	desktop-small-upstream
desktop/src/features/projects/deleteProject.test.mjs	AA	4	desktop-other	theirs	both-added-upstream
desktop/src/features/projects/hooks.ts	UU	7	desktop-other	ours	remaining-hand
desktop/src/features/projects/issueAssignments.ts	AA	4	desktop-other	theirs	both-added-upstream
desktop/src/features/projects/lib/discussionChannels.test.mjs	AA	3	desktop-other	theirs	both-added-upstream
desktop/src/features/projects/lib/discussionChannels.ts	AA	1	desktop-other	theirs	both-added-upstream
desktop/src/features/projects/lib/projectCollection.test.mjs	AA	2	desktop-other	theirs	both-added-upstream
desktop/src/features/projects/lib/projectCollection.ts	AA	2	desktop-other	theirs	both-added-upstream
desktop/src/features/projects/lib/projectContributorMatching.test.mjs	UU	1	desktop-other	theirs	desktop-small-upstream
desktop/src/features/projects/lib/projectHomeChannel.test.mjs	AA	2	desktop-other	theirs	both-added-upstream
desktop/src/features/projects/lib/projectHomeChannel.ts	AA	1	desktop-other	theirs	both-added-upstream
desktop/src/features/projects/lib/projectHomeTemplate.ts	AA	5	desktop-other	theirs	both-added-upstream
desktop/src/features/projects/lib/projectRepoAvailability.ts	UU	2	desktop-other	theirs	desktop-small-upstream
desktop/src/features/projects/lib/projectShareLinks.ts	AA	3	desktop-other	theirs	both-added-upstream
desktop/src/features/projects/lib/projectsViewHelpers.test.mjs	UU	1	desktop-other	theirs	desktop-small-upstream
desktop/src/features/projects/projectChannelRequest.ts	AA	1	desktop-other	theirs	both-added-upstream
desktop/src/features/projects/projectChannelRequestQueue.ts	AA	2	desktop-other	theirs	both-added-upstream
desktop/src/features/projects/projectDeletion.test.mjs	AA	2	desktop-other	theirs	both-added-upstream
desktop/src/features/projects/projectDeletion.ts	AA	6	desktop-other	theirs	both-added-upstream
desktop/src/features/projects/projectDeletionMutation.test.mjs	AA	3	desktop-other	theirs	both-added-upstream
desktop/src/features/projects/projectDeletionMutation.ts	AA	1	desktop-other	theirs	both-added-upstream
desktop/src/features/projects/projectIssues.mjs	UU	2	desktop-other	theirs	desktop-small-upstream
desktop/src/features/projects/projectIssues.test.mjs	UU	2	desktop-other	theirs	desktop-small-upstream
desktop/src/features/projects/projectModels.ts	UU	2	desktop-other	theirs	desktop-small-upstream
desktop/src/features/projects/projectSnapshot.test.mjs	AA	1	desktop-other	theirs	both-added-upstream
desktop/src/features/projects/projectSnapshot.ts	AA	1	desktop-other	theirs	both-added-upstream
desktop/src/features/projects/repoSyncHooks.ts	UU	1	desktop-other	theirs	desktop-small-upstream
desktop/src/features/projects/ui/DiscussionChannels.tsx	AA	12	desktop-other	theirs	both-added-upstream
desktop/src/features/projects/ui/IssueAssigneesRow.tsx	AA	24	desktop-other	theirs	both-added-upstream
desktop/src/features/projects/ui/ProjectCards.tsx	UU	4	desktop-other	theirs	desktop-small-upstream
desktop/src/features/projects/ui/ProjectChannelRequestDialog.tsx	AA	1	desktop-other	theirs	both-added-upstream
desktop/src/features/projects/ui/ProjectCreationDialog.tsx	AA	2	desktop-other	theirs	both-added-upstream
desktop/src/features/projects/ui/ProjectDetailChrome.tsx	UU	5	desktop-other	theirs	desktop-small-upstream
desktop/src/features/projects/ui/ProjectDetailFeedPanels.tsx	UU	2	desktop-other	theirs	desktop-small-upstream
desktop/src/features/projects/ui/ProjectDetailScreen.tsx	UU	10	desktop-other	ours	remaining-hand
desktop/src/features/projects/ui/ProjectIssuesPanel.tsx	UU	9	desktop-other	ours	remaining-hand
desktop/src/features/projects/ui/ProjectPullRequestsPanel.tsx	UU	2	desktop-other	theirs	desktop-small-upstream
desktop/src/features/projects/ui/ProjectReadmePanel.tsx	UU	4	desktop-other	theirs	desktop-small-upstream
desktop/src/features/projects/ui/ProjectRepositoryManagement.tsx	UU	2	desktop-other	theirs	desktop-small-upstream
desktop/src/features/projects/ui/ProjectRepositoryPanel.tsx	UU	2	desktop-other	theirs	desktop-small-upstream
desktop/src/features/projects/ui/ProjectRepositorySource.tsx	UU	1	desktop-other	theirs	desktop-small-upstream
desktop/src/features/projects/ui/ProjectWorkspaceTabList.tsx	UU	1	desktop-other	theirs	desktop-small-upstream
desktop/src/features/projects/ui/ProjectWorkspaceTabs.tsx	UU	5	desktop-other	theirs	desktop-small-upstream
desktop/src/features/projects/ui/ProjectsAgentPromptPage.tsx	DU	0	desktop-other	theirs	upstream-delete-rename
desktop/src/features/projects/ui/ProjectsCreateMenu.tsx	UD	0	desktop-other	delete	upstream-deletion
desktop/src/features/projects/ui/ProjectsView.tsx	UU	6	desktop-other	ours	remaining-hand
desktop/src/features/projects/ui/ProjectsWorkItemsLoadNotice.tsx	UU	1	desktop-other	theirs	desktop-small-upstream
desktop/src/features/projects/ui/PullRequestReviewersRow.tsx	UU	2	desktop-other	theirs	desktop-small-upstream
desktop/src/features/projects/ui/RepositoryCards.tsx	UU	1	desktop-other	theirs	desktop-small-upstream
desktop/src/features/projects/useAddProjectRepository.ts	UU	1	desktop-other	theirs	desktop-small-upstream
desktop/src/features/projects/useAttachProjectRepository.ts	UU	2	desktop-other	theirs	desktop-small-upstream
desktop/src/features/projects/useBindProjectRepositoryChannel.ts	UU	1	desktop-other	theirs	desktop-small-upstream
desktop/src/features/projects/useCreateProject.ts	UU	2	desktop-other	theirs	desktop-small-upstream
desktop/src/features/projects/useProjectRepositoryRefSelection.test.mjs	AA	1	desktop-other	theirs	both-added-upstream
desktop/src/features/projects/useProjectRepositoryRefSelection.ts	UU	2	desktop-other	theirs	desktop-small-upstream
desktop/src/features/pulse/hooks.ts	UU	11	desktop-other	ours	remaining-hand
desktop/src/features/reminders/useReminderNotifications.ts	UU	2	desktop-other	theirs	desktop-small-upstream
desktop/src/features/search/lib/searchMatch.ts	AA	2	desktop-other	theirs	both-added-upstream
desktop/src/features/search/ui/TopbarSearch.tsx	UU	1	desktop-other	theirs	desktop-small-upstream
desktop/src/features/search/useSearchResults.ts	UU	4	desktop-other	theirs	desktop-small-upstream
desktop/src/features/settings/ui/ExperimentalFeaturesCard.tsx	UU	1	desktop-other	theirs	desktop-small-upstream
desktop/src/features/settings/ui/HarnessCatalogDialog.tsx	UU	1	desktop-other	theirs	desktop-small-upstream
desktop/src/features/settings/ui/PreventSleepSettingsCard.tsx	UU	2	desktop-other	theirs	desktop-small-upstream
desktop/src/features/settings/ui/SettingsPanels.tsx	UU	1	desktop-other	theirs	desktop-small-upstream
desktop/src/features/settings/ui/harnessCatalogCopy.test.mjs	AA	1	desktop-other	theirs	both-added-upstream
desktop/src/features/settings/ui/harnessCatalogCopy.ts	UU	1	desktop-other	theirs	desktop-small-upstream
desktop/src/features/sidebar/lib/useCreateChannelForm.ts	UU	1	desktop-other	theirs	desktop-small-upstream
desktop/src/features/sidebar/ui/AppSidebar.tsx	UU	3	desktop-other	theirs	desktop-small-upstream
desktop/src/features/sidebar/ui/AppSidebar.types.ts	UU	6	desktop-other	ours	remaining-hand
desktop/src/features/sidebar/ui/MoreUnreadButton.tsx	UU	2	desktop-other	theirs	desktop-small-upstream
desktop/src/features/sidebar/ui/SidebarRelayConnectionCard.tsx	UU	2	desktop-other	theirs	desktop-small-upstream
desktop/src/features/user-status/hooks.ts	UU	2	desktop-other	theirs	desktop-small-upstream
desktop/src/features/workflows/hooks.ts	UU	5	desktop-other	theirs	desktop-small-upstream
desktop/src/features/workflows/ui/WorkflowApprovalCard.tsx	UU	2	desktop-other	theirs	desktop-small-upstream
desktop/src/features/workflows/ui/WorkflowAuthorPicker.tsx	AA	3	desktop-other	theirs	both-added-upstream
desktop/src/features/workflows/ui/WorkflowDetailPanel.tsx	UU	2	desktop-other	theirs	desktop-small-upstream
desktop/src/features/workflows/ui/WorkflowDialog.tsx	UU	6	desktop-other	ours	remaining-hand
desktop/src/features/workflows/ui/WorkflowFormBuilder.tsx	UU	1	desktop-other	theirs	desktop-small-upstream
desktop/src/features/workflows/ui/WorkflowMessagePicker.tsx	AA	2	desktop-other	theirs	both-added-upstream
desktop/src/features/workflows/ui/WorkflowRichTriggerDescription.tsx	AA	3	desktop-other	theirs	both-added-upstream
desktop/src/features/workflows/ui/WorkflowScheduleFields.tsx	AA	1	desktop-other	theirs	both-added-upstream
desktop/src/features/workflows/ui/WorkflowStepCard.tsx	UU	1	desktop-other	theirs	desktop-small-upstream
desktop/src/features/workflows/ui/WorkflowTriggerConditions.tsx	AA	4	desktop-other	theirs	both-added-upstream
desktop/src/features/workflows/ui/WorkflowsView.tsx	UU	3	desktop-other	theirs	desktop-small-upstream
desktop/src/features/workflows/ui/cronExpression.test.mjs	AA	1	desktop-other	theirs	both-added-upstream
desktop/src/features/workflows/ui/cronExpression.ts	AA	1	desktop-other	theirs	both-added-upstream
desktop/src/features/workflows/ui/useWorkflowAuthorPresentation.ts	AA	5	desktop-other	theirs	both-added-upstream
desktop/src/features/workflows/ui/useWorkflowListAuthorPresentations.ts	AA	4	desktop-other	theirs	both-added-upstream
desktop/src/features/workflows/ui/useWorkflowListMessagePresentations.ts	AA	1	desktop-other	theirs	both-added-upstream
desktop/src/features/workflows/ui/workflowAuthorCandidates.test.mjs	AA	2	desktop-other	theirs	both-added-upstream
desktop/src/features/workflows/ui/workflowAuthorCandidates.ts	AA	5	desktop-other	theirs	both-added-upstream
desktop/src/features/workflows/ui/workflowConditionExpression.test.mjs	AA	1	desktop-other	theirs	both-added-upstream
desktop/src/features/workflows/ui/workflowConditionExpression.ts	AA	6	desktop-other	theirs	both-added-upstream
desktop/src/features/workflows/ui/workflowEditorPane.test.mjs	AA	2	desktop-other	theirs	both-added-upstream
desktop/src/features/workflows/ui/workflowEditorPane.ts	AA	1	desktop-other	theirs	both-added-upstream
desktop/src/features/workflows/ui/workflowFormTypes.test.mjs	AA	3	desktop-other	theirs	both-added-upstream
desktop/src/features/workflows/ui/workflowFormTypes.ts	UU	3	desktop-other	theirs	desktop-small-upstream
desktop/src/features/workflows/ui/workflowMessageCandidates.test.mjs	AA	1	desktop-other	theirs	both-added-upstream
desktop/src/features/workflows/ui/workflowMessageCandidates.ts	AA	5	desktop-other	theirs	both-added-upstream
desktop/src/features/workflows/ui/workflowMessageTextCondition.ts	AA	1	desktop-other	theirs	both-added-upstream
desktop/src/features/workflows/ui/workflowSchedule.test.mjs	AA	1	desktop-other	theirs	both-added-upstream
desktop/src/features/workflows/ui/workflowSchedule.ts	AA	4	desktop-other	theirs	both-added-upstream
desktop/src/features/workflows/ui/workflowStepDescription.test.mjs	AA	2	desktop-other	theirs	both-added-upstream
desktop/src/features/workflows/ui/workflowStepDescription.ts	AA	2	desktop-other	theirs	both-added-upstream
desktop/src/features/workflows/ui/workflowTemplateVariables.test.mjs	AA	1	desktop-other	theirs	both-added-upstream
desktop/src/features/workflows/ui/workflowTemplateVariables.ts	AA	3	desktop-other	theirs	both-added-upstream
desktop/src/features/workflows/ui/workflowTriggerDescription.test.mjs	AA	1	desktop-other	theirs	both-added-upstream
desktop/src/features/workflows/ui/workflowTriggerDescription.ts	AA	5	desktop-other	theirs	both-added-upstream
desktop/src/features/workflows/ui/workflowYamlDocument.ts	AA	2	desktop-other	theirs	both-added-upstream
desktop/src/shared/api/editMessage.ts	UU	1	desktop-other	theirs	desktop-small-upstream
desktop/src/shared/api/projectGit.ts	UU	1	desktop-other	theirs	desktop-small-upstream
desktop/src/shared/api/relayClientSession.ts	UU	3	desktop-other	theirs	desktop-small-upstream
desktop/src/shared/api/relayQueryInvalidation.ts	UU	1	desktop-other	theirs	desktop-small-upstream
desktop/src/shared/api/relayReconnectReplay.test.mjs	UU	19	desktop-other	ours	remaining-hand
desktop/src/shared/api/relayReconnectReplay.ts	UU	8	desktop-other	ours	remaining-hand
desktop/src/shared/api/tauri.ts	UU	1	desktop-other	theirs	desktop-small-upstream
desktop/src/shared/api/tauriManagedAgents.ts	UU	1	desktop-other	theirs	desktop-small-upstream
desktop/src/shared/api/tauriMedia.ts	UU	4	desktop-other	theirs	desktop-small-upstream
desktop/src/shared/api/tauriMessages.ts	AA	3	desktop-other	theirs	both-added-upstream
desktop/src/shared/api/tauriPersonas.test.mjs	UU	1	desktop-other	theirs	desktop-small-upstream
desktop/src/shared/api/tauriRelayAgents.ts	AA	1	desktop-other	theirs	both-added-upstream
desktop/src/shared/api/tauriTeams.ts	UU	2	desktop-other	theirs	desktop-small-upstream
desktop/src/shared/api/tauriWorkflows.ts	UU	2	desktop-other	theirs	desktop-small-upstream
desktop/src/shared/api/tauriWorkspace.ts	AA	3	desktop-other	theirs	both-added-upstream
desktop/src/shared/api/types.ts	UU	5	desktop-other	theirs	desktop-small-upstream
desktop/src/shared/api/workflowTypes.ts	UU	2	desktop-other	theirs	desktop-small-upstream
desktop/src/shared/features/manifest.test.mjs	AA	2	desktop-other	theirs	both-added-upstream
desktop/src/shared/features/store.test.mjs	AA	1	desktop-other	theirs	both-added-upstream
desktop/src/shared/lib/linkPreview.test.mjs	UU	1	desktop-other	theirs	desktop-small-upstream
desktop/src/shared/lib/localStorageQuota.test.mjs	UU	3	desktop-other	theirs	desktop-small-upstream
desktop/src/shared/lib/mentionBoundaries.ts	AA	1	desktop-other	theirs	both-added-upstream
desktop/src/shared/lib/mentionDisplay.test.mjs	AA	3	desktop-other	theirs	both-added-upstream
desktop/src/shared/lib/mentionDisplay.ts	AA	2	desktop-other	theirs	both-added-upstream
desktop/src/shared/lib/rosterDerivations.test.mjs	AA	4	desktop-other	theirs	both-added-upstream
desktop/src/shared/lib/rosterDerivations.ts	AA	2	desktop-other	theirs	both-added-upstream
desktop/src/shared/lib/useDocumentVisible.test.mjs	AA	6	desktop-other	theirs	both-added-upstream
desktop/src/shared/lib/useDocumentVisible.ts	AA	4	desktop-other	theirs	both-added-upstream
desktop/src/shared/lib/useNow.ts	UU	2	desktop-other	theirs	desktop-small-upstream
desktop/src/shared/lib/useResolvedLinkPreviews.ts	UU	2	desktop-other	theirs	desktop-small-upstream
desktop/src/shared/lib/videoPlaybackSpeedPreference.test.mjs	AA	1	desktop-other	theirs	both-added-upstream
desktop/src/shared/lib/videoPlaybackSpeedPreference.ts	AA	2	desktop-other	theirs	both-added-upstream
desktop/src/shared/styles/globals/theme.css	UU	1	desktop-other	theirs	desktop-small-upstream
desktop/src/shared/ui/UserAvatar.tsx	UU	1	desktop-other	theirs	desktop-small-upstream
desktop/src/shared/ui/markdown.tsx	UU	6	desktop-other	ours	remaining-hand
desktop/src/shared/ui/markdown/MarkdownMention.tsx	AA	3	desktop-other	theirs	both-added-upstream
desktop/src/shared/ui/markdown/nodeCache.test.mjs	UU	2	desktop-other	theirs	desktop-small-upstream
desktop/src/shared/ui/markdown/nodeCache.ts	UU	1	desktop-other	theirs	desktop-small-upstream
desktop/src/shared/ui/markdownMentionDisplay.test.mjs	AA	2	desktop-other	theirs	both-added-upstream
desktop/src/testing/e2eBridge.ts	UU	12	desktop-other	ours	remaining-hand
desktop/tests/e2e/agents.spec.ts	UU	9	desktop-other	ours	remaining-hand
desktop/tests/e2e/badge.spec.ts	UU	1	desktop-other	theirs	other-small-upstream
desktop/tests/e2e/channels.spec.ts	UU	3	desktop-other	theirs	other-small-upstream
desktop/tests/e2e/community-rail.spec.ts	UU	4	desktop-other	theirs	other-small-upstream
desktop/tests/e2e/huddle-transcription.spec.ts	UU	1	desktop-other	theirs	other-small-upstream
desktop/tests/e2e/image-attachment-gallery.spec.ts	UU	1	desktop-other	theirs	other-small-upstream
desktop/tests/e2e/integration.spec.ts	UU	2	desktop-other	theirs	other-small-upstream
desktop/tests/e2e/mention-clipboard.spec.ts	AA	29	desktop-other	theirs	both-added-upstream
desktop/tests/e2e/mention-recipients.spec.ts	AA	5	desktop-other	theirs	both-added-upstream
desktop/tests/e2e/mentions.spec.ts	UU	13	desktop-other	ours	remaining-hand
desktop/tests/e2e/navigation.spec.ts	UU	2	desktop-other	theirs	other-small-upstream
desktop/tests/e2e/onboarding-agent-defaults.spec.ts	UU	1	desktop-other	theirs	other-small-upstream
desktop/tests/e2e/onboarding.spec.ts	UU	2	desktop-other	theirs	other-small-upstream
desktop/tests/e2e/persistent-agent-audience.spec.ts	UU	7	desktop-other	ours	remaining-hand
desktop/tests/e2e/profile.spec.ts	UU	1	desktop-other	theirs	other-small-upstream
desktop/tests/e2e/project-commit-detail.spec.ts	UU	1	desktop-other	theirs	other-small-upstream
desktop/tests/e2e/relay-reconnect.spec.ts	UU	1	desktop-other	theirs	other-small-upstream
desktop/tests/e2e/smoke.spec.ts	UU	1	desktop-other	theirs	other-small-upstream
desktop/tests/e2e/video-attachment.spec.ts	UU	2	desktop-other	theirs	other-small-upstream
desktop/tests/e2e/voice-note.spec.ts	AA	14	desktop-other	theirs	both-added-upstream
desktop/tests/e2e/workflows.spec.ts	UU	9	desktop-other	ours	remaining-hand
desktop/vite.config.ts	UU	1	desktop-other	theirs	other-small-upstream
docs/admin/README.md	UU	2	root-and-ci	theirs	other-small-upstream
docs/nips/NIP-PL.md	UU	3	root-and-ci	theirs	other-small-upstream
docs/push-gateway-deployment.md	UU	7	root-and-ci	ours	remaining-hand
docs/remote-mention-routing.md	AA	3	root-and-ci	theirs	both-added-upstream
mobile/README.md	UU	3	mobile	theirs	mobile-web-upstream
mobile/android/app/src/main/AndroidManifest.xml	UU	1	mobile	theirs	mobile-web-upstream
mobile/android/app/src/main/kotlin/xyz/block/buzz/mobile/MainActivity.kt	UU	4	mobile	theirs	mobile-web-upstream
mobile/ios/BuzzPushKit/Sources/BuzzPushKit/BuzzCommunicationNotification.swift	AA	5	mobile	theirs	both-added-upstream
mobile/ios/BuzzPushKit/Sources/BuzzPushKit/BuzzDevPushEnrollmentDriver.swift	AA	26	mobile	theirs	both-added-upstream
mobile/ios/BuzzPushKit/Sources/BuzzPushKit/BuzzPushNotificationResolver.swift	AA	1	mobile	theirs	both-added-upstream
mobile/ios/BuzzPushKit/Sources/BuzzPushKit/BuzzPushPendingEnrollmentRecord.swift	AA	3	mobile	theirs	both-added-upstream
mobile/ios/BuzzPushKit/Sources/BuzzPushKit/BuzzPushTranscript.swift	AA	14	mobile	theirs	both-added-upstream
mobile/ios/BuzzPushKit/Tests/BuzzPushKitTests/BuzzDevPushEnrollmentDriverTests.swift	AA	30	mobile	theirs	both-added-upstream
mobile/ios/BuzzPushKit/Tests/BuzzPushKitTests/BuzzPushNotificationResolverTests.swift	AA	5	mobile	theirs	both-added-upstream
mobile/ios/BuzzPushKit/Tests/BuzzPushKitTests/BuzzPushPresentationCacheTests.swift	AA	1	mobile	theirs	both-added-upstream
mobile/ios/BuzzPushKit/Tests/BuzzPushKitTests/BuzzPushTranscriptTests.swift	AA	7	mobile	theirs	both-added-upstream
mobile/ios/Flutter/Debug.xcconfig	UU	1	mobile	theirs	mobile-web-upstream
mobile/ios/Flutter/Release.xcconfig	UU	1	mobile	theirs	mobile-web-upstream
mobile/ios/NotificationService/NotificationService.swift	AA	7	mobile	theirs	both-added-upstream
mobile/ios/Podfile.lock	UU	6	mobile	theirs	mobile-web-upstream
mobile/ios/Runner.xcodeproj/project.pbxproj	UU	4	mobile	theirs	mobile-web-upstream
mobile/ios/Runner/AppDelegate.swift	UU	9	mobile	theirs	mobile-web-upstream
mobile/ios/Runner/Info.plist	UU	1	mobile	theirs	mobile-web-upstream
mobile/ios/Runner/JumpToLatestGlassButton.swift	AA	7	mobile	theirs	both-added-upstream
mobile/ios/Runner/NativeProfileTextEditor.swift	AA	10	mobile	theirs	both-added-upstream
mobile/ios/Runner/PushEndpointGrantStore.swift	AA	5	mobile	theirs	both-added-upstream
mobile/ios/Runner/PushNativeState.swift	AA	1	mobile	theirs	both-added-upstream
mobile/ios/Runner/PushSnapshotBridge.swift	AA	9	mobile	theirs	both-added-upstream
mobile/ios/Runner/Runner.entitlements	AA	1	mobile	theirs	both-added-upstream
mobile/ios/RunnerTests/BuzzCommunicationNotificationTests.swift	AA	8	mobile	theirs	both-added-upstream
mobile/ios/RunnerTests/RunnerTests.swift	UU	1	mobile	theirs	mobile-web-upstream
mobile/lib/app.dart	UU	7	mobile	theirs	mobile-web-upstream
mobile/lib/features/activity/activity_page/inbox_row.dart	UU	1	mobile	theirs	mobile-web-upstream
mobile/lib/features/channels/add_members_sheet.dart	AA	1	mobile	theirs	both-added-upstream
mobile/lib/features/channels/agent_activity/agent_activity_sheet.dart	UU	1	mobile	theirs	mobile-web-upstream
mobile/lib/features/channels/channel_actions_sheet.dart	UU	1	mobile	theirs	mobile-web-upstream
mobile/lib/features/channels/channel_detail_page.dart	UU	9	mobile	theirs	mobile-web-upstream
mobile/lib/features/channels/channel_detail_page/app_bar.dart	UU	5	mobile	theirs	mobile-web-upstream
mobile/lib/features/channels/channel_detail_page/huddle_call_avatar.dart	AA	5	mobile	theirs	both-added-upstream
mobile/lib/features/channels/channel_detail_page/huddle_participant_overlay.dart	AA	4	mobile	theirs	both-added-upstream
mobile/lib/features/channels/channel_detail_page/huddle_sheet.dart	AA	1	mobile	theirs	both-added-upstream
mobile/lib/features/channels/channel_detail_page/message_bubble.dart	UU	1	mobile	theirs	mobile-web-upstream
mobile/lib/features/channels/channel_detail_page/message_list.dart	UU	2	mobile	theirs	mobile-web-upstream
mobile/lib/features/channels/channel_details_page.dart	AA	5	mobile	theirs	both-added-upstream
mobile/lib/features/channels/channel_directory.dart	AA	12	mobile	theirs	both-added-upstream
mobile/lib/features/channels/channel_management_provider.dart	UU	6	mobile	theirs	mobile-web-upstream
mobile/lib/features/channels/channel_typing_indicator.dart	UU	1	mobile	theirs	mobile-web-upstream
mobile/lib/features/channels/channels_provider.dart	UU	10	mobile	theirs	mobile-web-upstream
mobile/lib/features/channels/channels_provider_lifecycle.dart	AA	11	mobile	theirs	both-added-upstream
mobile/lib/features/channels/compose_bar/compose_bar_widget.dart	UU	10	mobile	theirs	mobile-web-upstream
mobile/lib/features/channels/compose_bar/draft_lifecycle.dart	UU	2	mobile	theirs	mobile-web-upstream
mobile/lib/features/channels/compose_bar/layout.dart	UU	3	mobile	theirs	mobile-web-upstream
mobile/lib/features/channels/compose_bar/markdown_editing_controller.dart	UU	1	mobile	theirs	mobile-web-upstream
mobile/lib/features/channels/compose_bar/voice_note.dart	AA	3	mobile	theirs	both-added-upstream
mobile/lib/features/channels/dm_channel_labels.dart	UU	4	mobile	theirs	mobile-web-upstream
mobile/lib/features/channels/members_sheet.dart	UU	1	mobile	theirs	mobile-web-upstream
mobile/lib/features/channels/mentions/mention_candidates.dart	UU	2	mobile	theirs	mobile-web-upstream
mobile/lib/features/channels/mentions/mention_ranking.dart	UU	2	mobile	theirs	mobile-web-upstream
mobile/lib/features/channels/message_content.dart	UU	6	mobile	theirs	mobile-web-upstream
mobile/lib/features/channels/reaction_row.dart	UU	2	mobile	theirs	mobile-web-upstream
mobile/lib/features/channels/send_message_provider.dart	UU	1	mobile	theirs	mobile-web-upstream
mobile/lib/features/channels/thread_detail_page.dart	UU	10	mobile	theirs	mobile-web-upstream
mobile/lib/features/channels/thread_detail_page/avatar.dart	AA	2	mobile	theirs	both-added-upstream
mobile/lib/features/channels/voice_note_composer_recorder.dart	AA	10	mobile	theirs	both-added-upstream
mobile/lib/features/channels/voice_note_recording.dart	AA	3	mobile	theirs	both-added-upstream
mobile/lib/features/forum/forum_post_card.dart	UU	2	mobile	theirs	mobile-web-upstream
mobile/lib/features/forum/forum_thread_page.dart	UU	3	mobile	theirs	mobile-web-upstream
mobile/lib/features/home/home_page.dart	UU	1	mobile	theirs	mobile-web-upstream
mobile/lib/features/invites/invite_create_page.dart	AA	2	mobile	theirs	both-added-upstream
mobile/lib/features/invites/invite_create_page/person_invite_section.dart	AA	4	mobile	theirs	both-added-upstream
mobile/lib/features/invites/invite_create_provider.dart	AA	3	mobile	theirs	both-added-upstream
mobile/lib/features/invites/invite_join_provider.dart	UU	2	mobile	theirs	mobile-web-upstream
mobile/lib/features/pairing/pairing_page.dart	UU	1	mobile	theirs	mobile-web-upstream
mobile/lib/features/pairing/pairing_provider.dart	UU	5	mobile	theirs	mobile-web-upstream
mobile/lib/features/profile/animated_avatar_capture.dart	AA	3	mobile	theirs	both-added-upstream
mobile/lib/features/profile/animated_avatar_capture/frame_processing.dart	AA	2	mobile	theirs	both-added-upstream
mobile/lib/features/profile/animated_avatar_capture/review_controls.dart	AA	1	mobile	theirs	both-added-upstream
mobile/lib/features/profile/ios_profile_text_editor.dart	AA	5	mobile	theirs	both-added-upstream
mobile/lib/features/profile/profile_avatar_editor.dart	AA	1	mobile	theirs	both-added-upstream
mobile/lib/features/profile/profile_edit_page.dart	AA	3	mobile	theirs	both-added-upstream
mobile/lib/features/profile/profile_provider.dart	UU	1	mobile	theirs	mobile-web-upstream
mobile/lib/features/profile/profile_text_editor.dart	AA	2	mobile	theirs	both-added-upstream
mobile/lib/features/profile/set_status_sheet.dart	UU	2	mobile	theirs	mobile-web-upstream
mobile/lib/features/profile/user_profile_sheet.dart	UU	2	mobile	theirs	mobile-web-upstream
mobile/lib/features/pulse/agent_activity_card.dart	UU	2	mobile	theirs	mobile-web-upstream
mobile/lib/features/pulse/compose_note_page.dart	UU	3	mobile	theirs	mobile-web-upstream
mobile/lib/features/pulse/note_card.dart	UU	4	mobile	theirs	mobile-web-upstream
mobile/lib/features/search/search_page.dart	UU	3	mobile	theirs	mobile-web-upstream
mobile/lib/features/settings/accent_picker_page.dart	UU	1	mobile	theirs	mobile-web-upstream
mobile/lib/features/settings/settings_page.dart	UU	3	mobile	theirs	mobile-web-upstream
mobile/lib/features/settings/settings_page/appearance_section.dart	UD	0	mobile	delete	upstream-deletion
mobile/lib/features/settings/settings_page/community_section.dart	AA	2	mobile	theirs	both-added-upstream
mobile/lib/features/settings/settings_page/connection_section.dart	UU	1	mobile	theirs	mobile-web-upstream
mobile/lib/features/settings/settings_page/notifications_section.dart	AA	1	mobile	theirs	both-added-upstream
mobile/lib/features/settings/theme_picker_page.dart	UU	1	mobile	theirs	mobile-web-upstream
mobile/lib/main.dart	UU	2	mobile	theirs	mobile-web-upstream
mobile/lib/shared/auth/auth_provider.dart	UU	1	mobile	theirs	mobile-web-upstream
mobile/lib/shared/community/community.dart	UU	9	mobile	theirs	mobile-web-upstream
mobile/lib/shared/community/community_provider.dart	UU	13	mobile	theirs	mobile-web-upstream
mobile/lib/shared/community/community_storage.dart	UU	1	mobile	theirs	mobile-web-upstream
mobile/lib/shared/deeplink/deep_link.dart	UU	1	mobile	theirs	mobile-web-upstream
mobile/lib/shared/deeplink/pending_deep_link_provider.dart	UU	3	mobile	theirs	mobile-web-upstream
mobile/lib/shared/huddle/huddle_session.dart	AA	7	mobile	theirs	both-added-upstream
mobile/lib/shared/mentions/agent_identity_provider.dart	UU	1	mobile	theirs	mobile-web-upstream
mobile/lib/shared/profile/user_cache_provider.dart	AA	7	mobile	theirs	both-added-upstream
mobile/lib/shared/profile/user_profile.dart	UU	3	mobile	theirs	mobile-web-upstream
mobile/lib/shared/push/push_bootstrap.dart	AA	17	mobile	theirs	both-added-upstream
mobile/lib/shared/push/push_bridge.dart	AA	6	mobile	theirs	both-added-upstream
mobile/lib/shared/push/push_presentation_cache.dart	AA	9	mobile	theirs	both-added-upstream
mobile/lib/shared/push/push_relay_capability_provider.dart	AA	2	mobile	theirs	both-added-upstream
mobile/lib/shared/relay/relay_provider.dart	UU	1	mobile	theirs	mobile-web-upstream
mobile/lib/shared/relay/relay_session.dart	UU	6	mobile	theirs	mobile-web-upstream
mobile/lib/shared/widgets/avatar_image.dart	UU	1	mobile	theirs	mobile-web-upstream
mobile/lib/shared/widgets/buzz_action_tile.dart	AA	4	mobile	theirs	both-added-upstream
mobile/lib/shared/widgets/buzz_sheet_header.dart	AA	3	mobile	theirs	both-added-upstream
mobile/lib/shared/widgets/buzz_titled_sheet_layout.dart	AA	4	mobile	theirs	both-added-upstream
mobile/lib/shared/widgets/frosted_app_bar.dart	UU	2	mobile	theirs	mobile-web-upstream
mobile/lib/shared/widgets/ios_glass_navigation_button.dart	AA	12	mobile	theirs	both-added-upstream
mobile/lib/shared/widgets/modal_presentation.dart	UU	1	mobile	theirs	mobile-web-upstream
mobile/lib/shared/widgets/section_label.dart	AU	0	mobile	delete	upstream-delete-rename
mobile/pubspec.lock	UU	2	mobile	theirs	mobile-web-upstream
mobile/test/features/activity/activity_page_test.dart	UU	6	mobile	theirs	mobile-web-upstream
mobile/test/features/activity/activity_provider_test.dart	UU	1	mobile	theirs	mobile-web-upstream
mobile/test/features/channels/channel_detail_page_test.dart	UU	37	mobile	theirs	mobile-web-upstream
mobile/test/features/channels/channel_management_provider_test.dart	UU	1	mobile	theirs	mobile-web-upstream
mobile/test/features/channels/channels_page_test.dart	UU	1	mobile	theirs	mobile-web-upstream
mobile/test/features/channels/channels_provider_test.dart	UU	12	mobile	theirs	mobile-web-upstream
mobile/test/features/channels/compose_bar_test.dart	UU	12	mobile	theirs	mobile-web-upstream
mobile/test/features/channels/deep_link_dispatcher_test.dart	UU	4	mobile	theirs	mobile-web-upstream
mobile/test/features/channels/mentions/mention_candidates_test.dart	UU	4	mobile	theirs	mobile-web-upstream
mobile/test/features/channels/message_content_custom_emoji_test.dart	AA	1	mobile	theirs	both-added-upstream
mobile/test/features/channels/message_content_test.dart	UU	1	mobile	theirs	mobile-web-upstream
mobile/test/features/channels/voice_note_recording_test.dart	AA	16	mobile	theirs	both-added-upstream
mobile/test/features/forum/forum_widgets_test.dart	UU	2	mobile	theirs	mobile-web-upstream
mobile/test/features/invites/invite_create_page_test.dart	AA	3	mobile	theirs	both-added-upstream
mobile/test/features/pairing/pairing_provider_test.dart	UU	6	mobile	theirs	mobile-web-upstream
mobile/test/features/profile/profile_edit_page_test.dart	AA	4	mobile	theirs	both-added-upstream
mobile/test/features/profile/profile_provider_test.dart	UU	3	mobile	theirs	mobile-web-upstream
mobile/test/features/settings/connection_section_test.dart	AA	3	mobile	theirs	both-added-upstream
mobile/test/features/settings/settings_page_test.dart	AA	5	mobile	theirs	both-added-upstream
mobile/test/features/settings/theme_picker_page_test.dart	UU	2	mobile	theirs	mobile-web-upstream
mobile/test/shared/community/community_provider_test.dart	UU	3	mobile	theirs	mobile-web-upstream
mobile/test/shared/community/community_test.dart	AA	4	mobile	theirs	both-added-upstream
mobile/test/shared/huddle/huddle_session_test.dart	AA	5	mobile	theirs	both-added-upstream
mobile/test/shared/mentions/agent_identity_provider_test.dart	UU	1	mobile	theirs	mobile-web-upstream
mobile/test/shared/profile/user_profile_test.dart	AA	2	mobile	theirs	both-added-upstream
mobile/test/shared/push/push_bootstrap_test.dart	AA	4	mobile	theirs	both-added-upstream
mobile/test/shared/push/push_bridge_test.dart	AA	5	mobile	theirs	both-added-upstream
mobile/test/shared/relay/relay_session_test.dart	UU	2	mobile	theirs	mobile-web-upstream
mobile/test/shared/widgets/avatar_image_test.dart	UU	3	mobile	theirs	mobile-web-upstream
mobile/test/shared/widgets/modal_presentation_test.dart	UU	5	mobile	theirs	mobile-web-upstream
schema/schema.sql	UU	13	migrations	ours	migration-schema-hand
scripts/check-postgres-test-discovery.py	AA	1	root-and-ci	theirs	both-added-upstream
scripts/desktop_release.py	UU	1	root-and-ci	theirs	other-small-upstream
scripts/e2e-git-perms.sh	DU	0	root-and-ci	theirs	upstream-delete-rename
scripts/ensure-mesh-native-runtime.sh	UD	0	root-and-ci	delete	upstream-deletion
scripts/post-screenshots.sh	UU	1	root-and-ci	theirs	other-small-upstream
scripts/postgres-test-run.sh	AA	1	root-and-ci	theirs	both-added-upstream
scripts/prepare-desktop-release.sh	UU	2	root-and-ci	theirs	other-small-upstream
scripts/reconcile-schema-after-pgschema.sql	UU	8	root-and-ci	ours	remaining-hand
scripts/run-tests.sh	UU	2	root-and-ci	theirs	other-small-upstream
scripts/start-isolated-test-relay.sh	UU	1	root-and-ci	theirs	other-small-upstream
scripts/test-postgres-test-discovery.sh	AA	1	root-and-ci	theirs	both-added-upstream
